nodename,DEG,logFC,Sample
BUB2,up,16.46571783,A
CDC14,up,11.47213092,A
CDC15,up,11.25563865,B
CLB2,up,5.554840924,D
DBF2,up,4.592604545,E
MOB1,down,-5.728318942,A
NET1,down,-4.946238324,C
SIC1,down,-4.615053309,E
SLK19,down,-3.83352003,B
SPO12,down,-4.685741569,D
TEM1,down,-3.105210622,D
