Gln,Spd,Spm,NH4NO3,(NH4)2SO4,Put,Arg,Orn,Agmatine
1763.495208,1440.204545,0,3532.204327,7286.787611,15639.40313,5046.875,6394.75,3480.0375
